{
  "project_info": {
    "project_number": "876326595721",
    "firebase_url": "https://testman-4491a.firebaseio.com",
    "project_id": "testman-4491a",
    "storage_bucket": "testman-4491a.appspot.com"
  },
  "client": [
    {
      "client_info": {
        "mobilesdk_app_id": "1:876326595721:android:3c96d2bfeef6451b",
        "android_client_info": {
          "package_name": "csejeonju2019.go.kr.myapplication"
        }
      },
      "oauth_client": [
        {
          "client_id": "876326595721-bd9mmtt6fie7rppheq3muv2kk1t1rgt9.apps.googleusercontent.com",
          "client_type": 1,
          "android_info": {
            "package_name": "csejeonju2019.go.kr.myapplication",
            "certificate_hash": "0ea3ebd58e323f22c2c0fa8efad543c678862f7f"
          }
        },
        {
          "client_id": "876326595721-ouf9m27tq1lj8na4kk5oe4h0umapb4n4.apps.googleusercontent.com",
          "client_type": 3
        }
      ],
      "api_key": [
        {
          "current_key": "AIzaSyCcOiNv_1t-l4VYfUED52XhM5T0j-MK4lQ"
        }
      ],
      "services": {
        "appinvite_service": {
          "other_platform_oauth_client": [
            {
              "client_id": "876326595721-ouf9m27tq1lj8na4kk5oe4h0umapb4n4.apps.googleusercontent.com",
              "client_type": 3
            }
          ]
        }
      }
    }
  ],
  "configuration_version": "1"
}